id,flow,text_with_labels,labels_correct (y/n),missed_or_wrong,comment
abcd-9816,order_issue,"Agent: Hi, how may I help you?
Customer: I would like to check the status of my order. There seems to be an extra fee that shouldn't be on there.
Agent: ok, I can help with that
Agent: Can I have your full name or Account ID please?
Customer: [GIVENNAME: Chloe] [SURNAME: Zhang]
Agent: Can I have your Account ID and Order ID?
Customer: [IGNORE: CBKB3V0BQI]  2679044462
Agent: thank you
Agent: Do you know your membership level?
Customer: gold
Agent: that's great, I will be able to remove the fee for you
Customer: Great. Thanks.
Agent: You're welcome
Agent: How much were you overcharged?
Customer: I'm not sure. I would have to look at my account again.
Agent: hold on, i can find it
Agent: I see a $25 fee
Customer: ok
Agent: Ok, you have been refunded $25
Agent: Can I help with anything else?
Customer: No, thank you
Agent: you're welcome, have a great day",,,
abcd-9676,account_access,"Agent: Hello, how can I help you?
Customer: Hello. I forgot my username and can't log in.
Agent: Uh oh! Let me help with that. Can I get your full name?
Customer: Sure. My name is [GIVENNAME: Crystal] [SURNAME: Minh]. I'm blonde and smoke a lot of weed.
Agent: Can I also get your zip code, email, and phone number?
Customer: zip is [ZIPCODE: 69779], phone is ([TELEPHONENUM: 757) 344-2937], and I forgot my email too haha.
Agent: Thanks for the information. Your username is cminh1
Customer: Oh that's it, thanks!
Customer: A really tough one
Customer: Well that's all I needed! Thanks and have a great day! :-)
Agent: You as well!",,,
abcd-4358,single_item_query,"Agent: Hello, how can I help you today?
Customer: Hi how wide is the collar on this top? Is it comfortable?
Agent: Happy to help, may I have your  name please?
Customer: [GIVENNAME: Alessandro] [SURNAME: Phoenix]
Agent: thanks [GIVENNAME: Alessandro]. What particular item are you looking for?
Customer: Tommy Hilfiger shirt
Agent: Got it. Give me a second.
Agent: Our shirts are designed for extra comfort and do not have tight collars.
Agent: What size are you looking for?
Customer: Small
Agent: The smaller ones are comfortable for 14 inches.
Agent: Does that sound good?
Customer: Perfect. Thanks
Agent: Great, is there anything else that I can help you with?
Customer: That’s all thanks
Agent: Have a nice day!",,,
abcd-3342,product_defect,"Agent: Hello! Thank you for contacting us today. How can I help you?
Customer: I would like to return an item because it is the wrong size
Agent: Perfect. Can I get your name please?
Customer: [GIVENNAME: Norman] [SURNAME: Bouchard]
Agent: Thank you, [GIVENNAME: Norman]. Can you please provide me with your username, email address, and the Order ID also?
Customer: Username: [IGNORE: nb244266] | Email Address: [EMAIL: nb244266@email.com]
Customer: Order ID: 7214916269
Agent: Thank you! Do you know what your membership level is?
Customer: Silver
Agent: Perfect. What was the purchase date of the item?
Customer: 2019-10-30
Agent: Great! That is within the return period so we can go ahead and get that returned for you.
Agent: Can you please provide me with your full address for the shipping label?
Customer: [BUILDINGNUM: 0069] [STREET: Kennedy St]  [CITY: Newark], TX [ZIPCODE: 78018]
Agent: And how would you like that return processed? We can do it by mail, in store, or at a drop off center.
Customer: I would like to do it by mail
Agent: Alright perfect. I have the shipping label coming to you and we can get that all finished up.
Agent: Can I help you with anything else today?
Customer: That is everything, Thank you again for all your help today
Agent: Thank you and have a great day!",,,
abcd-4215,shipping_issue,"Agent: Hello, how can I help you today?
Customer: Hi, I need to switch my shipping address.  I realized it was wrong after the order was placed.
Agent: Happy to help, may I have your full name please?
Customer: [GIVENNAME: Crystal] [SURNAME: Minh]
Agent: thank [GIVENNAME: Crystal]. Give me a second.
Agent: What is the shipping status, [GIVENNAME: Crystal]?
Customer: received
Customer: order
Agent: To validate your purchase, can I have your username, email address and order id please?
Customer: [IGNORE: crystalminh594]
Customer: [EMAIL: crystalminh594@email.com]
Customer: 9821221151
Agent: thanks [GIVENNAME: Crystal].
Agent: So what is your new shipping address?
Customer: 9090 [STREET: Circle Drive], [CITY: San Mateo] MI [ZIPCODE: 73928]
Customer: thank you
Agent: thanks [GIVENNAME: Crystal].
Agent: Your new shipping address has been updated.
Customer: great
Agent: is there anything else that I can help you with?
Agent: Hi, are you there?
Customer: that is all
Agent: Have a nice day.",,,
abcd-2343,shipping_issue,"Agent: Hello, how may I help you today?
Customer: I didn't receive the shirt I ordered.
Agent: I can look into that for you. Can I please have your name, account ID, and order ID?
Customer: My name is [GIVENNAME: Chloe] [SURNAME: Zhang], account ID is [IGNORE: Z9JEM141JB]. The order ID is 4058685383
Customer: I have been waiting for more than 5 days
Agent: I am so sorry to hear that.
Agent: One moment please.
Agent: Can you please tell me your username and email address?
Customer: My username is [IGNORE: chloezhang973] and my email is [EMAIL: chloezhang973@email.com]
Agent: And how long have you been waiting?
Customer: 5 days
Agent: I apologize for the delay. Sometimes packages can take up to 7 days to arrive.
Agent: You should receive your package within 2 days.
Customer: I hope it comes soon.  Thank you!
Agent: Is there anything else I can help you with today?
Customer: No, Have a good day!
Agent: Thank you. Have a great day!",,,
abcd-6674,order_issue,"Agent: Hello, how can i help you today
Customer: would it be possible to upgrade to overnite on my order
Agent: Of course, could i get your full name account ID and order ID please
Customer: [GIVENNAME: Chloe] [SURNAME: Zhang]
Customer: [IGNORE: TS6JXJOPEX]
Customer: Order ID: 5663917681
Agent: Could i also get your shipping status please
Customer: Shipping Status: Delivered
Customer: but its not delivered yet
Agent: That means it has been delivered to your local post office and will be going out with the next delivery or on schedule so i cannot upgrade your order sorry.
Agent: But good news is you will be getting it on or ahead of schedule
Agent: Is there anything else i can do for you?
Customer: ok.  I appreciate you looking into it for me.  Thats all thank you
Agent: Have a nice day",,,
abcd-2002,purchase_dispute,"Customer: I was looking at a competitors site and noticed an item is grossly overpriced on your site, do you guys do price matching or anything?
Agent: Hello. Give me a few moments and I will look into this for you.
Agent: Did you purchase an item, and are unhappy with the price? Or are you just considering a purchase and wanting to know if we can match a competitors price?
Customer: just unhappy with the price and wanted to know if you would match
Agent: Let me see what I can do for you. Can you give me your Full Name or Account ID?
Customer: [GIVENNAME: Joseph] [SURNAME: Banter] [IGNORE: SJ3QTFOJDH]
Agent: Alright thank you very much give me just one moment and I will be back with you
Agent: Can you provide me with the Order ID please?
Customer: I didn't order it yet, thats why I wanted the price match
Agent: Okay. I understand. Thank you for your patience. Unfortunately sometimes pricing is out of our control, Occasionally we can offer a promotion for an existing order when the market shifts dramatically. This may be slightly out of policy but I will go
Agent: Here you are JV2A8
Customer: Thanks I appreciate the help
Agent: Please keep in mind that is not something we will be able to do every time. But I am happy to be able to provide you with assistance in this occasion. :)
Customer: Understood
Agent: Is there anything else I can help you with today?
Customer: No thats all thank you
Agent: All right, have a great day!",,,
abcd-3261,manage_account,"Agent: How can I help you?
Customer: My primary payment method isn't correct.
Agent: Okay, I can fix that. Can I have your name please
Customer: [GIVENNAME: Rodriguez] [SURNAME: Domingo]
Agent: Is it credit card, debit card or paypal?
Customer: It's credit.
Agent: Okay to verfiy your identity I need your zip code, phone number, and pin number please
Customer: [ZIPCODE: 28795], (555) 555-5555, [IGNORE: 115386]
Agent: Can I have the correct credit card number?
Customer: 5555 6666 7777 8888
Agent: Your account has been updated
Agent: What else can I do for you?
Customer: That's it. Thank you so much.
Agent: Have a nice day",,,
abcd-8264,shipping_issue,"Agent: Hi! How can I help you today?
Customer: My shipping charges seem to be too high
Agent: Oh no!
Customer: can you tell me if it has already shipped?
Customer: If it hasn't shipped, I want to change it.
Agent: Absolutely, just a moment.
Agent: You have an active order, correct?
Customer: yes
Agent: What is your full name or account ID?
Customer: [GIVENNAME: Joseph] [SURNAME: Banter]
Agent: Great, now to pull up the order can I have the username, email, and order id please?
Customer: [IGNORE: jbanter5], [EMAIL: jbanter5@email.com], and 8102000491
Agent: What is the shipping status?
Customer: It says it's out for delivery
Agent: The best I can do is refund a part of the shipping fee?
Agent: Is that alright?
Customer: that's fine, thanks
Agent: Complete! Is there anything else I can do for you today?
Customer: that's it, thanks
Agent: Great, have a good day!",,,
abcd-7805,troubleshoot_site,"Agent: Hello, how may I help you?
Customer: I am trying to purchase on your site but the. item wont be added to the cart when updating for some reason
Agent: I can help you troubleshoot this. Could I get your name, please?
Customer: absolutely it's [GIVENNAME: Alessandro] [SURNAME: Phoenix]
Customer: How are you today? Staying safe I hope?
Agent: I'm good, thank you, [GIVENNAME: Alessandro]. Could you try logging out of your account and back in to see if this solves the issue?
Customer: I have done that it did not work for me
Agent: Have you checked to make sure the item isn't out of stock?
Customer: It look like i added it but when I update it's not there
Customer: It was not when I logged on but it look like it went out of stock now
Customer: feel silly thanks
Customer: You slow you blow as they say
Agent: Okay, sorry for the trouble. Is there anything else I can help with?
Customer: Thank you for your time
Customer: no thanks
Agent: Have a good day!",,,
abcd-10541,manage_account,"Agent: Hi, how may I help you?
Customer: I heard some news that an extra subscription was added to my account
Customer: Does that cost extra?
Agent: Hi, may I ask who I have the pleasure of speaking to?
Customer: [GIVENNAME: Joseph] [SURNAME: Banter]
Agent: Hi [GIVENNAME: Joseph], I just pulled up your account
Agent: Let me see what is going on here!
Agent: So it looks like you might have had a service added to your account?
Customer: Yes, that's right
Agent: ok, and i've recorded that you heard it from the news
Agent: i'm going to check to see what your account says
Agent: Ok, it does seem to be some issue
Customer: Oh man, what the heck!
Customer: This is ridiculous, how much did this cost me?
Agent: Do not worry Mr. [SURNAME: Banter], I will take care of this for you
Agent: The cost was an extra $40
Agent: which was charged to the credit card on your account
Customer: What?!
Customer: Ok, fine and you said you would take care of it?
Agent: Yes, i have just gone ahead added that credit back to your credit card
Agent: And note that the service has also already been removed
Customer: Ok, that's a bit of a bait-and-switch
Customer: Thanks for taking care of it
Customer: How did this happen in the first place
Agent: I'm sorry this happened to you
Agent: I'm unsure of the cause, but perhaps someone else with a similar name signed up for the service
Agent: We are trained to be careful, but mistakes do happen
Customer: Ok, well, it better not happen to me again
Customer: I don't have money to just throw around like that
Agent: Certainly
Agent: And is there anything else I can help you with toda?
Agent: today*
Customer: No, that's it
Customer: thanks for taking care of the cost
Agent: No problem, and have a wonderful day!",,,
abcd-6237,shipping_issue,"Customer: Hi
Agent: Hello there, what can I do for you today?
Customer: My name is [GIVENNAME: Alessandro] [SURNAME: Phoenix]
Customer: I would like to confirm my shipping address
Customer: I got an email saying there was an issue
Agent: Okay, let me see what I can do to help
Customer: ok thanks
Customer: this is my correct address
Customer: Address: [BUILDINGNUM: 5270] [STREET: Circle Drive]  [CITY: San Lima], MI [ZIPCODE: 81531]
Agent: Okay, can I have your account and order ID's?
Customer: yeah sure thing
Customer: so this is my Account ID: [IGNORE: YVJNJPVFDS]
Customer: and the order ID is
Customer: Order ID: 3213050934
Agent: And your username and email?
Customer: Username: [IGNORE: ap810013]
Customer: and
Customer: Email Address: [EMAIL: ap810013@email.com]
Agent: Okay let me check the system to see if that email was right
Customer: ok go ahead
Agent: Okay, as it looks the email was wrong and your address is in fact correct on your shipment.
Agent: Is there anything else I can do for you?
Customer: Oh I see, so the address is correct then
Customer: I guess that would be all
Customer: thanks
Agent: Well then have a nice day!",,,
abcd-3516,troubleshoot_site,"Agent: Hello, how can I help you today?
Customer: Yes...I was wondering if there was a problem because I am trying to accessmy order and the website is not responding
Agent: Okay, let me check that for you.
Agent: Could I get your name please?
Customer: [GIVENNAME: Rodriguez] [SURNAME: Domingo]
Agent: Thank you.
Agent: I'm going to write a report to our website team so that they can work on this issue.
Customer: thank you
Agent: Could you try logging out and back in?
Customer: I will do this right now
Customer: I just did
Agent: Please try going to another website so that we can rule out connectivity issues.
Customer: I just did and the website is up and running again....thank you so much, your solution worked!!!
Agent: That's great! is there anything else I can help out with?
Customer: nothing for me today...have a good day!
Agent: Have a nice day.",,,
abcd-6214,subscription_inquiry,"Agent: Hello! Thank you for contacting us today! How can I help you?
Customer: I was wondering if there's any way you can extend my premium subscription a little longer
Customer: I could really use some more time to save the money, but I can't afford to renew the subscription right now
Agent: Sure. Can I get your name please to pull up your account?
Customer: [GIVENNAME: Joseph] [SURNAME: Banter]
Agent: I will also need your Account ID and Order ID please?
Customer: [IGNORE: IPZ4K0QZC6]
Customer: 1844264481
Agent: Great! [GIVENNAME: Joseph] can you tell me what your membership level is?
Customer: now it's back to guest but it used to be Silver
Agent: I just want to verify. Your membership is currently Guest?
Customer: Yes
Agent: Unfortunately because your membership level is only Guest we cannot offer an extension.
Agent: I apologize for that.
Customer: I just need a little more time to get the money together for a premium membership
Customer: there's nothing you can do?
Agent: I can have my manager contact you about this if you'd like.
Customer: okay
Agent: I would just need a phone number where my manager could reach you.
Customer: ([TELEPHONENUM: 733) 253-0616]
Agent: Okay I will make sure to let my manager know to contact you.
Customer: okay thank you!
Agent: Is there anything else I can help you with today?
Customer: no, that's it
Agent: Thank you and have a great day!",,,
abcd-169,shipping_issue,"Agent: Hello! What's your name and how may I help you today?
Customer: Hi. I never received my package. Can I please get it resent?
Customer: I'm sorry. My name is [GIVENNAME: Joseph] [SURNAME: Banter]
Agent: Of course, first let me verify the purchase in order to help you. May I have your Order ID, Email and Username, [GIVENNAME: Joseph]?
Customer: 8310323014 [EMAIL: jbanter1@email.com] user name is [IGNORE: jbanter1]
Agent: How long have you been waiting for your order?
Customer: 3 weeks
Agent: It says right here the Order failed. Let me get you a new one!
Agent: May I have your address to send it?
Customer: thank you!
Customer: [BUILDINGNUM: 8547] [STREET: 2nd Ave] [CITY: Monterey], CA [ZIPCODE: 34243]
Agent: Now, may I know the exact product you bought?
Customer: I had a Tommy Hilfiger shirt and a Guess jacket.
Agent: Thank you, it will get out to you again now.
Customer: Thank you so much!
Agent: Anything else I can help you with Today,  [GIVENNAME: Joseph]?
Customer: No that is all.
Agent: Have a good day then!",,,
abcd-702,shipping_issue,"Agent: Hi! Thank you for contacting us today.  How Can I help you today?
Customer: i am unable to track my goods
Agent: oh no! Let me assist you with that
Agent: Can I please have your full name
Customer: Thanks
Customer: [GIVENNAME: Sanya] [SURNAME: Afzal]
Agent: Thank you [GIVENNAME: Sanya]
Agent: Can you also provide me with your account id and order id
Customer: Account ID: [IGNORE: 2FBCL0YKZH]
Customer: Order ID: 4935894792
Agent: Thank you for the information.  Give me a moment while I look into this
Customer: Thanks
Agent: How long have you been waiting for your goods
Customer: Thursday i think
Agent: Ok, do you have your shipping status
Customer: yes still in transit
Agent: I am showing that your order is scheduled to be delievered tomorrow
Customer: Ok thanks
Agent: You're Welcome. Do you have any other questions for me today?
Customer: No, that is all
Agent: Have a great day",,,
abcd-485,manage_account,"Agent: Hello, how may I help you today?
Customer: hello, I have an issue with my account
Customer: The name on the account is spelled incorrectly, and I would like to have that fixed.
Agent: Okay, can I have your full name or your account ID?
Customer: My full name is [GIVENNAME: Crystal] [SURNAME: Minh], username [IGNORE: cm392259]
Agent: Okay, I will update the spelling of the name to '[GIVENNAME: Crystal] [SURNAME: Minh]'. Is that correct?
Customer: Yes it is. Thank you.
Agent: The name in your account has been updated in the system.
Agent: Is there anything else I can help you with?
Customer: That is all. Thank you for your help.
Agent: Your welcome.",,,
abcd-7663,purchase_dispute,"Agent: Hello. How can i help you today?
Customer: Hi I am calling in to complain because the item you want to buy was much cheaper yesterday when you checked.
Agent: Oh no I'm so sorry to hear that I understand that could be a very frustrating situation
Agent: Let me look into this for you
Agent: Can I get your full name and account ID please?
Customer: Name: [GIVENNAME: Rodriguez] [SURNAME: Domingo]
Customer: Account ID: [IGNORE: Y2ULQFTDXO]
Agent: Thanks
Agent: I'm getting everything pulled up
Agent: Do you have the order ID?
Customer: Order ID: 0090085139
Agent: Okay this looks like one of those situations where the market prices shift. Although it doesn't happen very often it does happen from time to time.
Customer: Is there a way to get the original price
Agent: Here is a promo code to discount the difference.
Agent: JPQ17
Customer: Great thanks
Agent: Is there anything else I can do for you today?
Customer: No but thank you
Agent: All right. Well Thanks for reaching out and have a great day!",,,
abcd-8168,storewide_query,"Agent: Hello, this is Amy from ACME. How may I assist you today?
Customer: Hi Amy, I'm [GIVENNAME: Chloe]. I was wondering when the store near me opens up because I need to buy a present for my boyfriend, and wanted to check out your company's store first.
Agent: I can look that up for you right now.
Agent: Usually our stores open at 8 AM and close at 11 PM. What is your zip code or address?
Customer: My zip code is [ZIPCODE: 57907]
Agent: Yes, the stores near you open at 8 AM.
Customer: Okay, great. Thanks a lot
Agent: No problem. Is there anything else I can help you with?
Customer: No, I've got everything I need. Cheers!
Agent: Well have a nice day, [GIVENNAME: Chloe]. I hope you find the right present for your boyfriend.",,,
abcd-8810,product_defect,"Agent: Hello. How may I help you today?
Customer: I want to return something I bought in the wrong size please
Customer: it is a pair of Michael Kors jens
Agent: Sure. May I have your name please?
Customer: jeans*
Customer: [GIVENNAME: Alessandro] [SURNAME: Phoenix]
Agent: Can I have your username, email, and order ID also?
Customer: [IGNORE: alessandrop632]
Customer: [EMAIL: alessandrop632@email.com]
Customer: Order ID: 8710287784
Agent: May I have your membership level?
Customer: guest
Agent: When was this order placed?
Agent: Hello?
Customer: it was placed 2019-09-14
Agent: Do you still have the receipt?
Customer: no
Agent: Unfortunately I will be unable to process this return without a receipt.
Customer: ugh ok thanks
Agent: Im sorry.
Agent: Have a nice day.",,,
abcd-4284,order_issue,"Agent: Good afternoon, how can I help you today?
Customer: Hi. I recently ordered one item but the email confirmation shows two items. I just want to verify that I am only getting one.
Agent: Alright, I can look in to this for you.
Agent: Can I get your name or Acct ID so I can pull up your account?
Customer: [GIVENNAME: Norman] [SURNAME: Bouchard]
Customer: [IGNORE: KGVUR30DMU]
Agent: Do you also have your Order ID [GIVENNAME: Norman]?
Customer: 0640971136
Agent: Great, let me just look in to this issue and see what the system says.
Agent: There must have been an error in the email that was sent to you. According to our system, only 1 item was ordered and shipped.
Customer: Perfect. I just wanted to be sure
Agent: Yes, there is no problem with your order. Is there anything else you need help with today?
Customer: No, thank you
Agent: Have a great day [GIVENNAME: Norman]!",,,
abcd-2677,purchase_dispute,"Agent: HI, what can I do for you?
Customer: Hi! I had a promo code that is not working.  It says invalid
Agent: Okay can I have your name please
Customer: [GIVENNAME: David] [SURNAME: Williams]
Agent: Do you know when the promo code was issued?
Customer: I got it 5 days ago
Agent: Here is a new promo code 8I01I
Agent: This is for 20% off
Agent: Is there anything else I can help you with.
Customer: No that is all.  Thank you so much
Agent: Have a nice day",,,
abcd-4982,product_defect,"Agent: Hello! How can I help you today?
Agent: Are you still there?
Customer: I had bought a jacket by guess but decided I wanted to get something else, could I get a refund on the item?
Agent: Did you receive it and want to return it?
Customer: It has not shipped out yet, so I wanted to take care of it before it became problematic on your end
Agent: So you want to change your order.
Agent: Can I start with your full name or account ID please
Customer: I would like to cancel it and just get it refunded
Customer: [GIVENNAME: Norman] [SURNAME: Bouchard]
Agent: And you said the status of your order is still ""order received"", correct?
Customer: that is correct
Agent: Ok. Now I'll need your username, email address, and order ID please
Customer: [IGNORE: normanbouchard681] [EMAIL: normanbouchard681@email.com]
Customer: 8617298656
Agent: Alright, I was able to validate your order.
Agent: Do you want me to add the item you wanted to your order, or just remove the item you didn't want?
Customer: just remove the item
Agent: Alright, I was able to remove the item
Customer: great thanks
Agent: Your order is now updated.
Agent: Is there anything else I can help you with today?
Customer: no that was all
Agent: I hope you have a great day!",,,
abcd-126,manage_account,"Customer: Hi there, I need some help with my order.
Customer: I made an order for tommy hilfiger boots.
Customer: But I accidentally entered the wrong name, so I need to change it.
Agent: Good Morning! Can I get some information from you so I can look up your order. I just need your Order Id username and email please
Customer: My order ID is 1091187 and my email is jwu297@mail.com.  Thank you.
Agent: Just givre me a min to look up the information
Customer: Okay, thank you.  I hope my order can be fixed soon.  I bought these as a gift for my daughter.
Agent: Can I get your username?
Agent: Wasthe package address to the worng person?
Customer: The name I used on the order is [GIVENNAME: Joyce] [SURNAME: Wu], but that's not the right name.  I don't remember the username.
Customer: The address is right though.
Agent: Okay I can look that up.
Customer: [BUILDINGNUM: 7855] [STREET: Woodshore St] is my address.
Customer: I just need to change the name.
Agent: Can I get a city state and zip please
Agent: I am sorry but I havr tto be able to up your account. I appriciate your patience
Customer: [CITY: Baltimore], Michigan and the zip is [ZIPCODE: 16639]
Customer: I paid $69 for the boots, so I hope I can get them soon.
Customer: Thank you.
Customer: My daughter's birthday is next week and she will be excited to get these.  So that's why I need to make sure they get here in time.
Agent: Soounds like a great gift. What name do you want on the order?
Customer: My name is Joanne [SURNAME: Wu].
Agent: I am sorry I am trouble pulling up your account,
Customer: The name I entered on the account is [GIVENNAME: Joyce] [SURNAME: Wu].
Agent: I apologize let me try again.
Customer: But I need it changed to Joanne [SURNAME: Wu].
Customer: Did you find the order?
Agent: What name was on the order?
Customer: [GIVENNAME: Joyce] [SURNAME: Wu].
Agent: and the name you want it changed to?
Customer: I need it changed to Joanne [SURNAME: Wu].
Agent: Working on it now
Customer: Thank you.
Customer: Is the order corrected?
Agent: Okay I have updated your account. Now it is correct thank you again for your patience.
Customer: Yes, that looks correct, thank you.
Agent: Anything else I can help you with?
Customer: No, I don't need anymore help.
Agent: Thank you for your business and have a great day!
Customer: Thank you as well and hope your day goes well.",,,
abcd-5691,purchase_dispute,"Agent: Hi! How may I help you today?
Customer: Hi
Customer: I've completed a return recently but there's still a charge on my billing statement
Agent: Ok, I can look at that for you
Agent: Can I have your name?
Customer: [GIVENNAME: Norman] [SURNAME: Bouchard]
Agent: Can I have your account id and order id
Customer: Order ID: 9351936481
Agent: do you have your account id
Customer: no
Agent: ok, one moment please
Customer: hello?
Agent: What is your membership level
Customer: silver
Agent: how much was the refund
Customer: $99
Agent: I do see that we made a mistake.  I am going to issue the refund to your billing statement now
Agent: Is there anything else I can help with today?
Customer: No, that's it
Customer: thanks
Agent: You're Welcome! Have a great day",,,
abcd-7780,storewide_query,"Agent: Hello! Thank you for contacting us today. How can I help you?
Customer: can you tell me the price of gift wrapping items, I had some presents I wanted to get
Agent: Absolutely. Can I have your name please?
Customer: [GIVENNAME: Alessandro] [SURNAME: Phoenix]
Agent: Thank you, [GIVENNAME: Alessandro]. Let me pull that information up for you quickly.
Agent: Gift wrapping costs $4.99 per item, but the availability may vary depending on if the item is considered oversized.We also allow adding up to 300 characters with any gift-wrapping purchase. Each item you are gift-wrapping must have its own separate m
Agent: message. Sorry about that.
Agent: Did you need any other information from me today?
Customer: no that was all it answered the question quite well
Agent: Thank you and have a great day!",,,
abcd-2212,subscription_inquiry,"Agent: Hi how can I help you
Customer: I seem to have been charged twice for a shirt I bought for whatever reason.
Agent: OK let me look into it. What's your full name
Customer: [GIVENNAME: Joyce] [SURNAME: Wu]
Customer: the order number in question is 1970956910
Agent: And your account id and order id please
Customer: [IGNORE: T4TK2FB0TM]
Agent: Oh sorry you were typing at the same time
Customer: is the account id as well
Agent: Yes I see it was an error on our end.  What was the overcharged amount?
Customer: 89 dollars
Agent: OK great your account has now been credited
Agent: Anything else I can help you with
Customer: no that was all thank you for the quick assitance
Agent: You're welcome, have a nice day",,,
abcd-9946,purchase_dispute,"Agent: Hello, how can I help you?
Customer: hi there
Customer: I'm trying to use a promo code, but it's giving an invalid error
Customer: I got this code 8 day ago
Agent: Let's take a look into that
Customer: okay
Agent: Can I get your full name or account ID?
Customer: [GIVENNAME: Rodriguez] [SURNAME: Domingo]
Agent: Let me check the system about the issue
Customer: okay
Agent: Our promo codes usually only last 7 days, so it looks like it is expired. Can I get your membership level?
Customer: Gold
Agent: Great! I am going to generate another promo code for you
Agent: Here you go! 02YA3
Customer: Thanks so much
Agent: Anything else you need?
Customer: no that's all for now
Agent: Have a great day",,,
abcd-1473,manage_account,"Agent: Hello, how can I help you today?
Customer: Hi, I'm having a problem with my premium subscription
Customer: I got an email saying it was removed, but I didn't cancel it...
Agent: May I have your full name or your account ID?
Customer: Sure, my name is [GIVENNAME: Albert] [SURNAME: Sanders]
Agent: Let me check the status for you.
Customer: Thanks
Agent: My system shows your subscription is still active.
Customer: Huh, that's weird.
Agent: You may have received a fake or scam email.
Customer: Ohh, dang, that's scary.
Customer: So all my benefits are still in place
Agent: Have you tried logging into our site normally?
Agent: Don't click any links in the message.
Customer: Yes, I can log in, I just didn't want to place an order until I knew my subscription was ok
Customer: I'll go ahead and delete that message, thanks!
Agent: Yes it is active.
Agent: Anything else I can assist you with today?
Customer: Nope, that was everything, thank you for your help
Agent: Have a great day.",,,
abcd-10012,product_defect,"Agent: Hello, how may I help you today?
Customer: Hello. I need to check on a recent refund for a return i did.
Agent: I see, let's see what we can found out.  One moment.
Agent: May I have your full name or account ID?
Customer: yes it's [GIVENNAME: Rodriguez] [SURNAME: Domingo] and i don't know my account id.
Agent: That is fine, I will need to validate your purchase.  May I have your email address and order ID?
Agent: Oh and your username please as well.
Customer: sure my email is [EMAIL: rd449161@email.com] and my username is [IGNORE: rd449161]
Agent: Do you have an Order ID?
Customer: yes its 2623025193
Agent: Thank you for that.  Give me one moment to check on your refund status.
Customer: ok
Agent: So according to the records you initiated this refund online.  The status of this refund is complete, which means you should be seeing the credit within the next 2 days.
Agent: Was I able to answer your question?
Customer: yes, you have thank you!
Agent: Is there anything else I can help you with today?
Customer: nope that's it thanks
Agent: You have a wonderful rest of your day!",,,
abcd-830,shipping_issue,"Agent: Hello, how can I help you?
Customer: Hi, I ordered something but I need to change my shipping details.
Agent: Okay, I'd be glad to help you. Can I please have your full name and account number?
Customer: I wasn't paying attention and put in the wrong address!
Customer: Sure, it's [GIVENNAME: Crystal] [SURNAME: Minh] and my account ID is [IGNORE: SETPNFNIRL]
Agent: Can I please have your username, email address and order number?
Customer: yup..my username is [IGNORE: crystalm695] and the order ID is 7159317502, is that right?
Agent: Can I please have your correct address?
Customer: Yes! it's [BUILDINGNUM: 1916] [STREET: Primrose Ave]. [CITY: Raleigh], CA [ZIPCODE: 52056]. I think it put 1961 instead of 1916!
Agent: Thanks, I've updated your order. Is there anything else I can help you with?
Customer: Nope, you've helped me out with everything I need. thanks!",,,
abcd-10145,single_item_query,"Agent: Hi! How can I help you today?
Customer: hey I have a question
Customer: will a Michael Kors shirt shrink after being washed?
Agent: Sure, what is it?
Agent: I will find out for you.
Agent: If you wash it in hot water, or dry it using hot air it will unfortunately. Even though the fibers of the polymer are naturally short they are stretched out when made into clothes.
Customer: ohhh ok. thank you so much for the info
Agent: And also cotton and wool both absorb a lot of water so they will shrink faster, you should wash those in cold water.
Agent: Great!
Customer: sounds good!
Agent: Is there anything else I can do for you today?
Customer: no thanks, have a good day
Agent: You too!",,,
abcd-281,order_issue,"Customer: Hi there
Agent: Hello and thank you for contacting us! What can I help you with today?
Customer: I can't add items to my cart.
Customer: It's simply not updating
Agent: I'm sorry about the issue, And I'll see what I can do to help troubleshoot it. To start Can I have your first and last name?
Customer: Sanya Afzal
Agent: Thank you Sanya. So currently you are unable to add items to the cat and it is not updating?
Customer: Correct.
Agent: Alright, let's try a few things to see if we can get it fixed.
Customer: Let's go.
Agent: Firstly have you tried refreshing the page? I know it's simple but sometimes we forget to try that.
Customer: I did. Didn't do anything
Agent: Alright, next let's try logging in an out to see if that clears up the issue?
Customer: Yeah, that did it.
Agent: Could you check the bottom left side of the product page for me? there's a chance the item may actually be out-of-stock.
Customer: The logging out and in again already worked.
Customer: Thanks
Agent: Oh awesome! I'm glad that fixed it!
Agent: Was there anything else I can help you with today?
Customer: No, thank you.
Agent: Thatnks for shopping with us! have a great day!
Customer: bye",,,
abcd-2941,single_item_query,"Agent: Hello, how can I help you today?
Customer: I really like the look of these jeans, but I'm worried about how they will hold up over time. How often do you recommend washing them?
Agent: Assuming a normal rate of wear, we recommend washing our jeans once a week.
Agent: Excessive washing can cause the color to fade.
Customer: What is the normal rate of wear?
Agent: Usually 2-3 times in a week.
Customer: ok, thanks
Agent: If you have been working, playing sports, or they are just plain dirty, they should be washed as soon as possible.
Customer: That makes sense
Agent: Is there anything else I can answer for you today?
Customer: No, I think that's it, thanks!
Agent: Ok we also recommend folding them inside-out, cold wash them, and hang them out to dry for optimal conditions.
Customer: oh thanks!! that seems to make sense too.
Agent: Enjoy your jeans and have a great day.
Customer: thanks, you too",,,
abcd-2963,storewide_query,"Agent: AcmeBrands, how may I help you?
Customer: . What is your policy on refunds?
Agent: Let me find out for you.
Agent: Refunds are available on items that have not been shipped.
Agent: Make sure to have order id, username, and customer email address when requesting a refund.
Customer: okay, thanks.
Agent: Can I help you with anything else?
Customer: no
Agent: Have a good day.",,,
abcd-7985,troubleshoot_site,"Agent: Hello, how may I help you today?
Customer: Yes i'm trying to look at some thing on your website but its running very slow today. Trying figure out why
Agent: I apologize for the slow speed you are experiencing with our website.
Agent: Can you please try logging out of your account and logging back in?
Customer: sure one sec
Customer: no its still running slow
Agent: I apologize for the inconvenience, but can you please try closing all other tabs on your browser and any programs running in the background?
Customer: Yes, that worked! Thank you so much for your help
Agent: You are welcome.
Agent: I am glad that your issue is resolved, and I apologize again for the inconvenience you experienced. I will make sure to write up a report and notify   our website team.
Agent: Is there anything else I can help you with today?
Customer: Thank you and that will be all
Agent: Thank you. Have a great day!",,,
abcd-1903,storewide_query,"Agent: Hello, how may I help you today?
Customer: Hi, can you please tell me the benefits of the premium membership?
Agent: Sure, were you wondering about bronze, silver, or gold? Or would you like to hear about all of them?
Customer: I assume gold is the top?  Whatever the top one is please.
Agent: Gold is the top and gold members can refund their orders as many times as they need. Additionally, they are trusted more than our other customers and we are more lenient in customer service disputes.
Customer: What is the fee?
Agent: Members need to spend $2000 or more in the current year to qualify for Gold.
Customer: Oh, I see.  Okay.  Thank you for the information.  I have some shopping to do, lol.
Agent: Is there anything else I can do for you?
Customer: No, thank you.
Agent: Thanks, have a great day!",,,
abcd-1075,storewide_query,"Customer: Hello
Agent: excuse the delay, how can I help you?
Customer: I am looking at making some purchases but before I do I was hoping you could let me know more about your premium membership.
Agent: and welcome to Acme Brands!
Customer: Thanks!
Agent: what would you like to know?
Customer: I would like to know more about your premium membership benefits
Customer: Why should I sign up for the program?
Customer: No, I am not a premium member yet
Customer: I want to know more about the program before joining
Customer: I am a Bronze member currently
Customer: and want to know how to get to premium and what I would get if I was premium
Agent: one of the main benefits is saving on shipping
Customer: oh ok
Customer: is shipping free?
Agent: our silver members can cancel orders at any time
Agent: yes
Agent: shipping is free for all levels
Agent: gold members have unlimited refunds
Customer: Is Gold the highest?
Agent: yes, Our gold members get the very beat of everything. Basically, they can do no wrong. We pull out all of the stops for them.
Agent: Are you interested in joining them?
Customer: great, so cancel orders anytime, free shipping, free cancels. Anything else?
Customer: unlimited refunds
Customer: anything else?
Agent: there are promo codes for all levels. Gold members always get the benefit of the doubt in any disputes
Customer: Great. I am interested. How do you join?
Agent: Oh, and we invite you to our annual holiday party!
Customer: Very fun!
Agent: Free transport & open bar!
Customer: Awesome
Customer: how do I get to be gold?
Agent: Membership is based on the amount of purchase you have made
Agent: Gold members have spent at least $2000 /year
Customer: ok
Agent: we also ask them to fill in a brief questionaire
Agent: Is there anything else I can tell you?
Customer: great, how much to get to the other levels?
Agent: Bronze, as you know, is for purchases of at least $500.
Customer: yes
Agent: Silver, for $1000 in the previous year
Customer: ok, thanks for all your help
Agent: Is there anything else I can do for you today?
Customer: no, that's it
Agent: Have a great day! Thanks for being a member",,,
abcd-7311,storewide_query,"Agent: Thank you for contacting Acme.  How may I help you today?
Customer: Hi, can you please tell me what the membership levels are?  Thanks.
Agent: Certainly, we offer Bronze, Silver, and Gold membership levels, that are all based on how much you spend in a year with us
Customer: Can you tell me what the spend threshold is for Gld?
Customer: Gold
Agent: Yes, any customer who spends $2000 or more in purchases and fills out a short questionaire
Customer: Pk, thank you very much
Agent: You're welcome.  Is there anything else I can help you with while we're here?
Customer: thats all
Customer: thank you
Agent: You're welcome.  Have a great day",,,
